{
    "variable": "var1",
    "friendly_name": "var1",
    "overall_change": {
        "relative_change_pct": 0.027460210865798997,
        "absolute_change": 0.004096564184616014
    },
    "top_contributors": [],
    "demographic_impact": {
        "by_age": [
            {
                "age": "20-24",
                "change": 1.1021378630906398,
                "baseline": 5100.0,
                "population": 440.0
            },
            {
                "age": "25-29",
                "change": 3.404082739986194,
                "baseline": 11310.0,
                "population": 660.0
            }
        ],
        "by_sex": [
            {
                "sex": "K",
                "change": -52.59312415154696,
                "baseline": 9660.0,
                "population": 600.0
            },
            {
                "sex": "M",
                "change": 57.09934475462379,
                "baseline": 6749.999999999999,
                "population": 500.0
            }
        ]
    }
}