{
    "variable": "var2",
    "friendly_name": "var2",
    "overall_change": {
        "relative_change_pct": -0.1822149090867329,
        "absolute_change": -0.01310290846250961
    },
    "top_contributors": [],
    "demographic_impact": {
        "by_age": [
            {
                "age": "20-24",
                "change": -5.23485848760016,
                "baseline": 2900.0,
                "population": 440.0
            },
            {
                "age": "25-29",
                "change": -9.178340821161363,
                "baseline": 5010.0,
                "population": 660.0
            }
        ],
        "by_sex": [
            {
                "sex": "K",
                "change": 22.39255169977577,
                "baseline": 4860.0,
                "population": 600.0
            },
            {
                "sex": "M",
                "change": -36.80575100853729,
                "baseline": 3050.0,
                "population": 500.0
            }
        ]
    }
}